Shotgun: Smol Range; Big Damage,
Jakobs (Expanded Crit Range 1),Tediore (Action throw weapon (20/60) & clip for 1d2/bullet Damage w/ action reload),Torgue (5ft Dex Save DC 10 + Prof Bonus),Bandit (Double Clip Size),Hyperion (+1 attack to subsequent shots),
Swiss (+1d4 Melee Damage),Extra Large (+4 Clip Size),New and Improved (+1 to attack and damage),Original (BA Extra Attack),Royal (Additional damage roll on crit),Basic (+1 to attack; +2 clip size),Gentle (-10ft/-30ft range; +1 damage dice)
1d8,1d10,2d6,2d8,3d6,3d8,4d8
15/45 ft.,20/60 ft.,25/75 ft.,30/90 ft.,40/120 ft.,50/150 ft.,60/180 ft.
1,2,4,6,8,10,12
Full Action,Action,Action,Bonus Action,Bonus Action,Bonus Action,In Place of an Attack
3,2,1,1,1,1,0
-2,-1,0,0,0,1,2